[
{
    "model": "contenttypes.contenttype",
    "pk": 1,
    "fields": {
        "app_label": "admin",
        "model": "logentry"
    }
},
{
    "model": "contenttypes.contenttype",
    "pk": 2,
    "fields": {
        "app_label": "auth",
        "model": "permission"
    }
},
{
    "model": "contenttypes.contenttype",
    "pk": 3,
    "fields": {
        "app_label": "auth",
        "model": "group"
    }
},
{
    "model": "contenttypes.contenttype",
    "pk": 4,
    "fields": {
        "app_label": "contenttypes",
        "model": "contenttype"
    }
},
{
    "model": "contenttypes.contenttype",
    "pk": 5,
    "fields": {
        "app_label": "sessions",
        "model": "session"
    }
},
{
    "model": "contenttypes.contenttype",
    "pk": 6,
    "fields": {
        "app_label": "tweet",
        "model": "comments"
    }
},
{
    "model": "contenttypes.contenttype",
    "pk": 7,
    "fields": {
        "app_label": "tweet",
        "model": "messages"
    }
},
{
    "model": "contenttypes.contenttype",
    "pk": 8,
    "fields": {
        "app_label": "tweet",
        "model": "tweet"
    }
},
{
    "model": "contenttypes.contenttype",
    "pk": 9,
    "fields": {
        "app_label": "users",
        "model": "myuser"
    }
},
{
    "model": "contenttypes.contenttype",
    "pk": 10,
    "fields": {
        "app_label": "users",
        "model": "profileuser"
    }
},
{
    "model": "sessions.session",
    "pk": "5kz91c3enre0p0paog9lzbaxvye6419p",
    "fields": {
        "session_data": "NzU1ZWZlMTIxM2NjMGViMDczZjk5NzIxZjA1Mjk0ZjdkYzkzNzZmZDp7Il9hdXRoX3VzZXJfaWQiOiI2IiwiX2F1dGhfdXNlcl9iYWNrZW5kIjoiZGphbmdvLmNvbnRyaWIuYXV0aC5iYWNrZW5kcy5Nb2RlbEJhY2tlbmQiLCJfYXV0aF91c2VyX2hhc2giOiJiODY1NWExZWNhMWY5MzJkNjFhYmQ5MWZiNGNmMDM3ZWZjYWFiMTY4In0=",
        "expire_date": "2019-08-20T12:38:10.734Z"
    }
},
{
    "model": "sessions.session",
    "pk": "h542gsk4dur1290trg36cuokqzskn722",
    "fields": {
        "session_data": "NjJiZTY2ZTUyOGNmMjQxOGM3NTQxNWQzYWM5MjdmY2MzZTE2YzllOTp7Il9hdXRoX3VzZXJfaWQiOiIxNiIsIl9hdXRoX3VzZXJfYmFja2VuZCI6ImRqYW5nby5jb250cmliLmF1dGguYmFja2VuZHMuTW9kZWxCYWNrZW5kIiwiX2F1dGhfdXNlcl9oYXNoIjoiYzJmMzJkZGUyMDllOTY0ZjE2YWYzZDk2ZDQzYzgxYjA4NDkyNjNjNSJ9",
        "expire_date": "2019-08-26T17:33:35.477Z"
    }
},
{
    "model": "sessions.session",
    "pk": "pbpbuzlr2p7cs3mkvokg4cxjbye77i0h",
    "fields": {
        "session_data": "MDJmMGNjMjA5Y2EzMmM2Yjk1MWJmNjIyMWJlOTM0OGFjZTllMWQ3Nzp7Il9hdXRoX3VzZXJfaWQiOiIxMyIsIl9hdXRoX3VzZXJfYmFja2VuZCI6ImRqYW5nby5jb250cmliLmF1dGguYmFja2VuZHMuTW9kZWxCYWNrZW5kIiwiX2F1dGhfdXNlcl9oYXNoIjoiOTc3N2Y1OTk3MWU1OTUzOWE2MzczYWY3ZjJhZGMxODJhMTE3OWNhZiJ9",
        "expire_date": "2019-08-21T20:15:02.760Z"
    }
},
{
    "model": "sessions.session",
    "pk": "zs8afielraol7bhckh05zzscu0f7krvr",
    "fields": {
        "session_data": "NDA5MTFlZTE1NzZiMGE1M2RkMDk0YmZhYmM2ZDdkZDE4NTk4YzQ1MTp7Il9hdXRoX3VzZXJfaWQiOiIxMCIsIl9hdXRoX3VzZXJfYmFja2VuZCI6ImRqYW5nby5jb250cmliLmF1dGguYmFja2VuZHMuTW9kZWxCYWNrZW5kIiwiX2F1dGhfdXNlcl9oYXNoIjoiYjg2NTVhMWVjYTFmOTMyZDYxYWJkOTFmYjRjZjAzN2VmY2FhYjE2OCJ9",
        "expire_date": "2019-08-19T16:53:04.195Z"
    }
},
{
    "model": "auth.permission",
    "pk": 1,
    "fields": {
        "name": "Can add log entry",
        "content_type": 1,
        "codename": "add_logentry"
    }
},
{
    "model": "auth.permission",
    "pk": 2,
    "fields": {
        "name": "Can change log entry",
        "content_type": 1,
        "codename": "change_logentry"
    }
},
{
    "model": "auth.permission",
    "pk": 3,
    "fields": {
        "name": "Can delete log entry",
        "content_type": 1,
        "codename": "delete_logentry"
    }
},
{
    "model": "auth.permission",
    "pk": 4,
    "fields": {
        "name": "Can view log entry",
        "content_type": 1,
        "codename": "view_logentry"
    }
},
{
    "model": "auth.permission",
    "pk": 5,
    "fields": {
        "name": "Can add permission",
        "content_type": 2,
        "codename": "add_permission"
    }
},
{
    "model": "auth.permission",
    "pk": 6,
    "fields": {
        "name": "Can change permission",
        "content_type": 2,
        "codename": "change_permission"
    }
},
{
    "model": "auth.permission",
    "pk": 7,
    "fields": {
        "name": "Can delete permission",
        "content_type": 2,
        "codename": "delete_permission"
    }
},
{
    "model": "auth.permission",
    "pk": 8,
    "fields": {
        "name": "Can view permission",
        "content_type": 2,
        "codename": "view_permission"
    }
},
{
    "model": "auth.permission",
    "pk": 9,
    "fields": {
        "name": "Can add group",
        "content_type": 3,
        "codename": "add_group"
    }
},
{
    "model": "auth.permission",
    "pk": 10,
    "fields": {
        "name": "Can change group",
        "content_type": 3,
        "codename": "change_group"
    }
},
{
    "model": "auth.permission",
    "pk": 11,
    "fields": {
        "name": "Can delete group",
        "content_type": 3,
        "codename": "delete_group"
    }
},
{
    "model": "auth.permission",
    "pk": 12,
    "fields": {
        "name": "Can view group",
        "content_type": 3,
        "codename": "view_group"
    }
},
{
    "model": "auth.permission",
    "pk": 13,
    "fields": {
        "name": "Can add content type",
        "content_type": 4,
        "codename": "add_contenttype"
    }
},
{
    "model": "auth.permission",
    "pk": 14,
    "fields": {
        "name": "Can change content type",
        "content_type": 4,
        "codename": "change_contenttype"
    }
},
{
    "model": "auth.permission",
    "pk": 15,
    "fields": {
        "name": "Can delete content type",
        "content_type": 4,
        "codename": "delete_contenttype"
    }
},
{
    "model": "auth.permission",
    "pk": 16,
    "fields": {
        "name": "Can view content type",
        "content_type": 4,
        "codename": "view_contenttype"
    }
},
{
    "model": "auth.permission",
    "pk": 17,
    "fields": {
        "name": "Can add session",
        "content_type": 5,
        "codename": "add_session"
    }
},
{
    "model": "auth.permission",
    "pk": 18,
    "fields": {
        "name": "Can change session",
        "content_type": 5,
        "codename": "change_session"
    }
},
{
    "model": "auth.permission",
    "pk": 19,
    "fields": {
        "name": "Can delete session",
        "content_type": 5,
        "codename": "delete_session"
    }
},
{
    "model": "auth.permission",
    "pk": 20,
    "fields": {
        "name": "Can view session",
        "content_type": 5,
        "codename": "view_session"
    }
},
{
    "model": "auth.permission",
    "pk": 21,
    "fields": {
        "name": "Can add comments",
        "content_type": 6,
        "codename": "add_comments"
    }
},
{
    "model": "auth.permission",
    "pk": 22,
    "fields": {
        "name": "Can change comments",
        "content_type": 6,
        "codename": "change_comments"
    }
},
{
    "model": "auth.permission",
    "pk": 23,
    "fields": {
        "name": "Can delete comments",
        "content_type": 6,
        "codename": "delete_comments"
    }
},
{
    "model": "auth.permission",
    "pk": 24,
    "fields": {
        "name": "Can view comments",
        "content_type": 6,
        "codename": "view_comments"
    }
},
{
    "model": "auth.permission",
    "pk": 25,
    "fields": {
        "name": "Can add messages",
        "content_type": 7,
        "codename": "add_messages"
    }
},
{
    "model": "auth.permission",
    "pk": 26,
    "fields": {
        "name": "Can change messages",
        "content_type": 7,
        "codename": "change_messages"
    }
},
{
    "model": "auth.permission",
    "pk": 27,
    "fields": {
        "name": "Can delete messages",
        "content_type": 7,
        "codename": "delete_messages"
    }
},
{
    "model": "auth.permission",
    "pk": 28,
    "fields": {
        "name": "Can view messages",
        "content_type": 7,
        "codename": "view_messages"
    }
},
{
    "model": "auth.permission",
    "pk": 29,
    "fields": {
        "name": "Can add tweet",
        "content_type": 8,
        "codename": "add_tweet"
    }
},
{
    "model": "auth.permission",
    "pk": 30,
    "fields": {
        "name": "Can change tweet",
        "content_type": 8,
        "codename": "change_tweet"
    }
},
{
    "model": "auth.permission",
    "pk": 31,
    "fields": {
        "name": "Can delete tweet",
        "content_type": 8,
        "codename": "delete_tweet"
    }
},
{
    "model": "auth.permission",
    "pk": 32,
    "fields": {
        "name": "Can view tweet",
        "content_type": 8,
        "codename": "view_tweet"
    }
},
{
    "model": "auth.permission",
    "pk": 33,
    "fields": {
        "name": "Can add user",
        "content_type": 9,
        "codename": "add_myuser"
    }
},
{
    "model": "auth.permission",
    "pk": 34,
    "fields": {
        "name": "Can change user",
        "content_type": 9,
        "codename": "change_myuser"
    }
},
{
    "model": "auth.permission",
    "pk": 35,
    "fields": {
        "name": "Can delete user",
        "content_type": 9,
        "codename": "delete_myuser"
    }
},
{
    "model": "auth.permission",
    "pk": 36,
    "fields": {
        "name": "Can view user",
        "content_type": 9,
        "codename": "view_myuser"
    }
},
{
    "model": "auth.permission",
    "pk": 37,
    "fields": {
        "name": "Can add profile user",
        "content_type": 10,
        "codename": "add_profileuser"
    }
},
{
    "model": "auth.permission",
    "pk": 38,
    "fields": {
        "name": "Can change profile user",
        "content_type": 10,
        "codename": "change_profileuser"
    }
},
{
    "model": "auth.permission",
    "pk": 39,
    "fields": {
        "name": "Can delete profile user",
        "content_type": 10,
        "codename": "delete_profileuser"
    }
},
{
    "model": "auth.permission",
    "pk": 40,
    "fields": {
        "name": "Can view profile user",
        "content_type": 10,
        "codename": "view_profileuser"
    }
},
{
    "model": "users.myuser",
    "pk": 1,
    "fields": {
        "password": "pbkdf2_sha256$150000$uvJgfxW5GDDC$BeePu9ZyY9+YEhvXGTnY5FUS+W1j7G7ZGgcT2CVae1Y=",
        "last_login": null,
        "is_superuser": false,
        "username": "emily81",
        "first_name": "Sara",
        "last_name": "Whitaker",
        "is_staff": false,
        "is_active": true,
        "date_joined": "2019-08-01T13:36:45.568Z",
        "email": "bherrera@hotmail.com",
        "groups": [],
        "user_permissions": []
    }
},
{
    "model": "users.myuser",
    "pk": 2,
    "fields": {
        "password": "pbkdf2_sha256$150000$uvJgfxW5GDDC$BeePu9ZyY9+YEhvXGTnY5FUS+W1j7G7ZGgcT2CVae1Y=",
        "last_login": null,
        "is_superuser": false,
        "username": "jenniferhodge",
        "first_name": "Joseph",
        "last_name": "Hinton",
        "is_staff": false,
        "is_active": true,
        "date_joined": "2019-08-01T13:36:45.824Z",
        "email": "andersonsusan@ellison-hughes.com",
        "groups": [],
        "user_permissions": []
    }
},
{
    "model": "users.myuser",
    "pk": 3,
    "fields": {
        "password": "pbkdf2_sha256$150000$uvJgfxW5GDDC$BeePu9ZyY9+YEhvXGTnY5FUS+W1j7G7ZGgcT2CVae1Y=",
        "last_login": null,
        "is_superuser": false,
        "username": "fharrison",
        "first_name": "Jamie",
        "last_name": "Bowman",
        "is_staff": false,
        "is_active": true,
        "date_joined": "2019-08-01T13:36:46.065Z",
        "email": "davidrios@collins.info",
        "groups": [],
        "user_permissions": []
    }
},
{
    "model": "users.myuser",
    "pk": 4,
    "fields": {
        "password": "pbkdf2_sha256$150000$uvJgfxW5GDDC$BeePu9ZyY9+YEhvXGTnY5FUS+W1j7G7ZGgcT2CVae1Y=",
        "last_login": null,
        "is_superuser": false,
        "username": "aliciacoffey",
        "first_name": "Matthew",
        "last_name": "Hamilton",
        "is_staff": false,
        "is_active": true,
        "date_joined": "2019-08-01T13:36:46.282Z",
        "email": "lisa39@gmail.com",
        "groups": [],
        "user_permissions": []
    }
},
{
    "model": "users.myuser",
    "pk": 5,
    "fields": {
        "password": "pbkdf2_sha256$150000$uvJgfxW5GDDC$BeePu9ZyY9+YEhvXGTnY5FUS+W1j7G7ZGgcT2CVae1Y=",
        "last_login": null,
        "is_superuser": false,
        "username": "oconnoramy",
        "first_name": "Jason",
        "last_name": "Stephenson",
        "is_staff": false,
        "is_active": true,
        "date_joined": "2019-08-01T13:36:46.498Z",
        "email": "kgarrett@gmail.com",
        "groups": [],
        "user_permissions": []
    }
},
{
    "model": "users.myuser",
    "pk": 6,
    "fields": {
        "password": "pbkdf2_sha256$150000$uvJgfxW5GDDC$BeePu9ZyY9+YEhvXGTnY5FUS+W1j7G7ZGgcT2CVae1Y=",
        "last_login": "2019-08-06T12:38:10.599Z",
        "is_superuser": false,
        "username": "simmonsleonard",
        "first_name": "Kyle",
        "last_name": "Garrison",
        "is_staff": false,
        "is_active": true,
        "date_joined": "2019-08-01T13:36:46.706Z",
        "email": "jessica23@hotmail.com",
        "groups": [],
        "user_permissions": []
    }
},
{
    "model": "users.myuser",
    "pk": 7,
    "fields": {
        "password": "pbkdf2_sha256$150000$uvJgfxW5GDDC$BeePu9ZyY9+YEhvXGTnY5FUS+W1j7G7ZGgcT2CVae1Y=",
        "last_login": null,
        "is_superuser": false,
        "username": "jrice",
        "first_name": "Mary",
        "last_name": "Gibbs",
        "is_staff": false,
        "is_active": true,
        "date_joined": "2019-08-01T13:36:46.906Z",
        "email": "carla15@watkins.biz",
        "groups": [],
        "user_permissions": []
    }
},
{
    "model": "users.myuser",
    "pk": 8,
    "fields": {
        "password": "pbkdf2_sha256$150000$uvJgfxW5GDDC$BeePu9ZyY9+YEhvXGTnY5FUS+W1j7G7ZGgcT2CVae1Y=",
        "last_login": "2019-08-12T17:07:31.810Z",
        "is_superuser": false,
        "username": "caitlyndavis",
        "first_name": "Donald",
        "last_name": "Russell",
        "is_staff": false,
        "is_active": true,
        "date_joined": "2019-08-01T13:36:47.132Z",
        "email": "toddjoseph@gmail.com",
        "groups": [],
        "user_permissions": []
    }
},
{
    "model": "users.myuser",
    "pk": 9,
    "fields": {
        "password": "pbkdf2_sha256$150000$uvJgfxW5GDDC$BeePu9ZyY9+YEhvXGTnY5FUS+W1j7G7ZGgcT2CVae1Y=",
        "last_login": "2019-08-12T16:57:30.860Z",
        "is_superuser": false,
        "username": "hornmichael",
        "first_name": "Alec",
        "last_name": "Hanna",
        "is_staff": false,
        "is_active": true,
        "date_joined": "2019-08-01T13:36:47.357Z",
        "email": "marioobrien@charles.com",
        "groups": [],
        "user_permissions": []
    }
},
{
    "model": "users.myuser",
    "pk": 10,
    "fields": {
        "password": "pbkdf2_sha256$150000$uvJgfxW5GDDC$BeePu9ZyY9+YEhvXGTnY5FUS+W1j7G7ZGgcT2CVae1Y=",
        "last_login": "2019-08-05T16:53:04.011Z",
        "is_superuser": false,
        "username": "william03",
        "first_name": "Bradley",
        "last_name": "Thompson",
        "is_staff": false,
        "is_active": true,
        "date_joined": "2019-08-01T13:36:47.590Z",
        "email": "steven82@jones-haynes.com",
        "groups": [],
        "user_permissions": []
    }
},
{
    "model": "users.myuser",
    "pk": 11,
    "fields": {
        "password": "pbkdf2_sha256$150000$uvJgfxW5GDDC$BeePu9ZyY9+YEhvXGTnY5FUS+W1j7G7ZGgcT2CVae1Y=",
        "last_login": null,
        "is_superuser": false,
        "username": "khayes",
        "first_name": "Jonathan",
        "last_name": "Brady",
        "is_staff": false,
        "is_active": true,
        "date_joined": "2019-08-01T13:36:47.823Z",
        "email": "saramiller@hotmail.com",
        "groups": [],
        "user_permissions": []
    }
},
{
    "model": "users.myuser",
    "pk": 12,
    "fields": {
        "password": "pbkdf2_sha256$150000$JxxfugRfAj5S$0oGAbzOg8F/xVBG5/6cB+bFh+5CoourrNnqI/ypQoaA=",
        "last_login": null,
        "is_superuser": false,
        "username": "tester15",
        "first_name": "Tes",
        "last_name": "Ter",
        "is_staff": false,
        "is_active": true,
        "date_joined": "2019-08-07T20:14:13.070Z",
        "email": "tester5@t.pl",
        "groups": [],
        "user_permissions": []
    }
},
{
    "model": "users.myuser",
    "pk": 13,
    "fields": {
        "password": "pbkdf2_sha256$150000$eLqJCt0IxQlD$dC4GQo/oeCvLUb+NR86lwf7D1KPg5YMB7dTxW/P7iRs=",
        "last_login": "2019-08-07T20:15:02.614Z",
        "is_superuser": true,
        "username": "admin",
        "first_name": "",
        "last_name": "",
        "is_staff": true,
        "is_active": true,
        "date_joined": "2019-08-07T20:14:43.694Z",
        "email": "asd@a.wpl",
        "groups": [],
        "user_permissions": []
    }
},
{
    "model": "users.myuser",
    "pk": 16,
    "fields": {
        "password": "pbkdf2_sha256$150000$zPZtR3VntT63$Pl7Bl82HsvCcAncbGgMb/mNVjTpSUslv145FRbaRgzY=",
        "last_login": "2019-08-12T17:33:35.343Z",
        "is_superuser": false,
        "username": "Aron",
        "first_name": "asdf",
        "last_name": "asdfasdf",
        "is_staff": false,
        "is_active": true,
        "date_joined": "2019-08-12T17:33:29.952Z",
        "email": "testsdasdfer5@t.pl",
        "groups": [],
        "user_permissions": []
    }
},
{
    "model": "users.profileuser",
    "pk": 1,
    "fields": {
        "user": 1,
        "image_from_cl": "image/upload/v1565600435/non_existing_id.png",
        "location": "",
        "birth_date": null
    }
},
{
    "model": "users.profileuser",
    "pk": 2,
    "fields": {
        "user": 2,
        "image_from_cl": "image/upload/v1565630684/non_existing_id.png",
        "location": "",
        "birth_date": null
    }
},
{
    "model": "users.profileuser",
    "pk": 3,
    "fields": {
        "user": 3,
        "image_from_cl": "image/upload/v1565630684/non_existing_id.png",
        "location": "",
        "birth_date": null
    }
},
{
    "model": "users.profileuser",
    "pk": 4,
    "fields": {
        "user": 4,
        "image_from_cl": "image/upload/v1565630684/non_existing_id.png",
        "location": "",
        "birth_date": null
    }
},
{
    "model": "users.profileuser",
    "pk": 5,
    "fields": {
        "user": 5,
        "image_from_cl": "image/upload/v1565630684/non_existing_id.png",
        "location": "",
        "birth_date": null
    }
},
{
    "model": "users.profileuser",
    "pk": 6,
    "fields": {
        "user": 6,
        "image_from_cl": "image/upload/v1565630684/non_existing_id.png",
        "location": "",
        "birth_date": "1940-01-01"
    }
},
{
    "model": "users.profileuser",
    "pk": 7,
    "fields": {
        "user": 7,
        "image_from_cl": "image/upload/v1565630684/non_existing_id.png",
        "location": "",
        "birth_date": null
    }
},
{
    "model": "users.profileuser",
    "pk": 8,
    "fields": {
        "user": 8,
        "image_from_cl": "image/upload/v1565629661/2019-08-12 17:03:59.102389+00:00.jpg",
        "location": "",
        "birth_date": "1940-01-01"
    }
},
{
    "model": "users.profileuser",
    "pk": 9,
    "fields": {
        "user": 9,
        "image_from_cl": "image/upload/v1565629171/2019-08-12 16:59:24.637835+00:00.jpg",
        "location": "Lodz",
        "birth_date": "1955-12-16"
    }
},
{
    "model": "users.profileuser",
    "pk": 10,
    "fields": {
        "user": 10,
        "image_from_cl": "image/upload/v1565630684/non_existing_id.png",
        "location": "",
        "birth_date": null
    }
},
{
    "model": "users.profileuser",
    "pk": 11,
    "fields": {
        "user": 11,
        "image_from_cl": "image/upload/v1565630684/non_existing_id.png",
        "location": "",
        "birth_date": null
    }
},
{
    "model": "users.profileuser",
    "pk": 12,
    "fields": {
        "user": 12,
        "image_from_cl": "image/upload/v1565630684/non_existing_id.png",
        "location": "",
        "birth_date": null
    }
},
{
    "model": "users.profileuser",
    "pk": 13,
    "fields": {
        "user": 13,
        "image_from_cl": "image/upload/v1565630684/non_existing_id.png",
        "location": "",
        "birth_date": null
    }
},
{
    "model": "users.profileuser",
    "pk": 16,
    "fields": {
        "user": 16,
        "image_from_cl": "image/upload/v1565630684/non_existing_id.png",
        "location": "",
        "birth_date": null
    }
},
{
    "model": "tweet.messages",
    "pk": 1,
    "fields": {
        "message": "cz x",
        "from_user": 9,
        "to_user": 8,
        "is_read": true,
        "send_time": "2019-08-01T13:56:36.220Z"
    }
},
{
    "model": "tweet.messages",
    "pk": 2,
    "fields": {
        "message": "['Morning pressure hit them college day.']",
        "from_user": 4,
        "to_user": 9,
        "is_read": true,
        "send_time": "2019-08-01T13:59:43.796Z"
    }
},
{
    "model": "tweet.messages",
    "pk": 3,
    "fields": {
        "message": "['Matter value table growth board down through.']",
        "from_user": 1,
        "to_user": 5,
        "is_read": false,
        "send_time": "2019-08-01T13:59:43.928Z"
    }
},
{
    "model": "tweet.messages",
    "pk": 4,
    "fields": {
        "message": "['Boy want create realize.']",
        "from_user": 2,
        "to_user": 10,
        "is_read": false,
        "send_time": "2019-08-01T13:59:44.061Z"
    }
},
{
    "model": "tweet.messages",
    "pk": 5,
    "fields": {
        "message": "['Determine choice do there source but ball.']",
        "from_user": 8,
        "to_user": 9,
        "is_read": true,
        "send_time": "2019-08-01T13:59:44.203Z"
    }
},
{
    "model": "tweet.messages",
    "pk": 6,
    "fields": {
        "message": "['Would program enter about.']",
        "from_user": 5,
        "to_user": 10,
        "is_read": false,
        "send_time": "2019-08-01T13:59:44.353Z"
    }
},
{
    "model": "tweet.messages",
    "pk": 7,
    "fields": {
        "message": "['State defense image memory rock.']",
        "from_user": 8,
        "to_user": 2,
        "is_read": false,
        "send_time": "2019-08-01T13:59:44.519Z"
    }
},
{
    "model": "tweet.messages",
    "pk": 8,
    "fields": {
        "message": "['Face model develop wind question begin read.']",
        "from_user": 8,
        "to_user": 9,
        "is_read": true,
        "send_time": "2019-08-01T13:59:44.710Z"
    }
},
{
    "model": "tweet.messages",
    "pk": 9,
    "fields": {
        "message": "['Drop start number western same machine move.']",
        "from_user": 6,
        "to_user": 3,
        "is_read": false,
        "send_time": "2019-08-01T13:59:44.894Z"
    }
},
{
    "model": "tweet.messages",
    "pk": 10,
    "fields": {
        "message": "['Under production meeting rest method.']",
        "from_user": 5,
        "to_user": 10,
        "is_read": false,
        "send_time": "2019-08-01T13:59:45.061Z"
    }
},
{
    "model": "tweet.messages",
    "pk": 11,
    "fields": {
        "message": "['Much drive yeah raise white.']",
        "from_user": 3,
        "to_user": 1,
        "is_read": false,
        "send_time": "2019-08-01T13:59:45.253Z"
    }
},
{
    "model": "tweet.messages",
    "pk": 12,
    "fields": {
        "message": "['Team risk keep hundred design.']",
        "from_user": 4,
        "to_user": 8,
        "is_read": false,
        "send_time": "2019-08-01T13:59:45.445Z"
    }
},
{
    "model": "tweet.messages",
    "pk": 13,
    "fields": {
        "message": "siem elo",
        "from_user": 9,
        "to_user": 9,
        "is_read": true,
        "send_time": "2019-08-06T10:58:34.793Z"
    }
},
{
    "model": "tweet.messages",
    "pk": 14,
    "fields": {
        "message": "ahahahaha",
        "from_user": 6,
        "to_user": 6,
        "is_read": true,
        "send_time": "2019-08-06T12:40:10.626Z"
    }
},
{
    "model": "tweet.messages",
    "pk": 15,
    "fields": {
        "message": "Hello",
        "from_user": 16,
        "to_user": 6,
        "is_read": false,
        "send_time": "2019-08-12T17:34:22.428Z"
    }
},
{
    "model": "tweet.messages",
    "pk": 16,
    "fields": {
        "message": "Hello",
        "from_user": 16,
        "to_user": 16,
        "is_read": true,
        "send_time": "2019-08-12T17:34:42.272Z"
    }
},
{
    "model": "tweet.comments",
    "pk": 1,
    "fields": {
        "text_content": "['Treatment treat second help star thought.']",
        "tweet": 8,
        "author": 9,
        "created_comment": "2019-08-01T13:44:27.647Z"
    }
},
{
    "model": "tweet.comments",
    "pk": 2,
    "fields": {
        "text_content": "['Sell impact their type.']",
        "tweet": 4,
        "author": 10,
        "created_comment": "2019-08-01T13:44:27.722Z"
    }
},
{
    "model": "tweet.comments",
    "pk": 3,
    "fields": {
        "text_content": "['Yard than article among.']",
        "tweet": 1,
        "author": 4,
        "created_comment": "2019-08-01T13:44:27.796Z"
    }
},
{
    "model": "tweet.comments",
    "pk": 4,
    "fields": {
        "text_content": "['Participant economic gun condition foreign hard society.']",
        "tweet": 9,
        "author": 1,
        "created_comment": "2019-08-01T13:44:27.873Z"
    }
},
{
    "model": "tweet.comments",
    "pk": 5,
    "fields": {
        "text_content": "['Remain glass floor impact to nearly.']",
        "tweet": 4,
        "author": 6,
        "created_comment": "2019-08-01T13:44:27.946Z"
    }
},
{
    "model": "tweet.comments",
    "pk": 6,
    "fields": {
        "text_content": "['Professional better others idea happen game want.']",
        "tweet": 1,
        "author": 3,
        "created_comment": "2019-08-01T13:44:28.048Z"
    }
},
{
    "model": "tweet.comments",
    "pk": 7,
    "fields": {
        "text_content": "['Everybody door traditional how kid brother behind executive.']",
        "tweet": 2,
        "author": 4,
        "created_comment": "2019-08-01T13:44:28.121Z"
    }
},
{
    "model": "tweet.comments",
    "pk": 8,
    "fields": {
        "text_content": "['Certainly later area.']",
        "tweet": 6,
        "author": 8,
        "created_comment": "2019-08-01T13:44:28.188Z"
    }
},
{
    "model": "tweet.comments",
    "pk": 9,
    "fields": {
        "text_content": "['Always none right go.']",
        "tweet": 8,
        "author": 7,
        "created_comment": "2019-08-01T13:44:28.255Z"
    }
},
{
    "model": "tweet.comments",
    "pk": 10,
    "fields": {
        "text_content": "['We meeting simple director.']",
        "tweet": 9,
        "author": 6,
        "created_comment": "2019-08-01T13:44:28.330Z"
    }
},
{
    "model": "tweet.comments",
    "pk": 11,
    "fields": {
        "text_content": "['Stand gun which far whether think for notice.']",
        "tweet": 4,
        "author": 10,
        "created_comment": "2019-08-01T13:44:28.397Z"
    }
},
{
    "model": "tweet.comments",
    "pk": 12,
    "fields": {
        "text_content": "['House group best very top free list.']",
        "tweet": 10,
        "author": 10,
        "created_comment": "2019-08-01T13:59:32.140Z"
    }
},
{
    "model": "tweet.comments",
    "pk": 13,
    "fields": {
        "text_content": "['Morning pressure hit them college day.']",
        "tweet": 9,
        "author": 4,
        "created_comment": "2019-08-01T13:59:43.729Z"
    }
},
{
    "model": "tweet.comments",
    "pk": 14,
    "fields": {
        "text_content": "['Matter value table growth board down through.']",
        "tweet": 9,
        "author": 1,
        "created_comment": "2019-08-01T13:59:43.862Z"
    }
},
{
    "model": "tweet.comments",
    "pk": 15,
    "fields": {
        "text_content": "['Boy want create realize.']",
        "tweet": 5,
        "author": 2,
        "created_comment": "2019-08-01T13:59:43.995Z"
    }
},
{
    "model": "tweet.comments",
    "pk": 16,
    "fields": {
        "text_content": "['Determine choice do there source but ball.']",
        "tweet": 7,
        "author": 8,
        "created_comment": "2019-08-01T13:59:44.129Z"
    }
},
{
    "model": "tweet.comments",
    "pk": 17,
    "fields": {
        "text_content": "['Would program enter about.']",
        "tweet": 3,
        "author": 5,
        "created_comment": "2019-08-01T13:59:44.279Z"
    }
},
{
    "model": "tweet.comments",
    "pk": 18,
    "fields": {
        "text_content": "['State defense image memory rock.']",
        "tweet": 9,
        "author": 8,
        "created_comment": "2019-08-01T13:59:44.437Z"
    }
},
{
    "model": "tweet.comments",
    "pk": 19,
    "fields": {
        "text_content": "['Face model develop wind question begin read.']",
        "tweet": 8,
        "author": 8,
        "created_comment": "2019-08-01T13:59:44.603Z"
    }
},
{
    "model": "tweet.comments",
    "pk": 20,
    "fields": {
        "text_content": "['Drop start number western same machine move.']",
        "tweet": 3,
        "author": 6,
        "created_comment": "2019-08-01T13:59:44.803Z"
    }
},
{
    "model": "tweet.comments",
    "pk": 21,
    "fields": {
        "text_content": "['Under production meeting rest method.']",
        "tweet": 2,
        "author": 5,
        "created_comment": "2019-08-01T13:59:44.987Z"
    }
},
{
    "model": "tweet.comments",
    "pk": 22,
    "fields": {
        "text_content": "['Much drive yeah raise white.']",
        "tweet": 2,
        "author": 3,
        "created_comment": "2019-08-01T13:59:45.154Z"
    }
},
{
    "model": "tweet.comments",
    "pk": 23,
    "fields": {
        "text_content": "['Team risk keep hundred design.']",
        "tweet": 2,
        "author": 4,
        "created_comment": "2019-08-01T13:59:45.346Z"
    }
},
{
    "model": "tweet.comments",
    "pk": 24,
    "fields": {
        "text_content": "hi hi hi hi hih hih hii",
        "tweet": 11,
        "author": 9,
        "created_comment": "2019-08-05T16:59:37.725Z"
    }
},
{
    "model": "tweet.comments",
    "pk": 25,
    "fields": {
        "text_content": "afdsfasdf",
        "tweet": 7,
        "author": 9,
        "created_comment": "2019-08-06T11:30:52.464Z"
    }
},
{
    "model": "tweet.comments",
    "pk": 27,
    "fields": {
        "text_content": "213132",
        "tweet": 23,
        "author": 6,
        "created_comment": "2019-08-06T12:41:04.107Z"
    }
},
{
    "model": "tweet.comments",
    "pk": 28,
    "fields": {
        "text_content": "Huraaaa",
        "tweet": 11,
        "author": 16,
        "created_comment": "2019-08-12T17:33:50.920Z"
    }
},
{
    "model": "tweet.tweet",
    "pk": 1,
    "fields": {
        "content": "['Grow build brother phone.', 'Reason college he type capital.', 'Nor will effect decade.']",
        "created": "2019-08-01T13:36:56.355Z",
        "user": 10
    }
},
{
    "model": "tweet.tweet",
    "pk": 2,
    "fields": {
        "content": "['Her new fight age camera professor.', 'Kitchen address coach ok wish although.', 'Role low both health and story.']",
        "created": "2019-08-01T13:36:56.430Z",
        "user": 8
    }
},
{
    "model": "tweet.tweet",
    "pk": 3,
    "fields": {
        "content": "['What government age later hold suddenly.', 'Then buy character his serve return kid.', 'Maybe when student finally only though.']",
        "created": "2019-08-01T13:36:56.505Z",
        "user": 5
    }
},
{
    "model": "tweet.tweet",
    "pk": 4,
    "fields": {
        "content": "['Serve give price leg.', 'Lose I approach drop air.', 'Reason same sea arrive subject respond agreement.']",
        "created": "2019-08-01T13:36:56.580Z",
        "user": 6
    }
},
{
    "model": "tweet.tweet",
    "pk": 5,
    "fields": {
        "content": "['Building lay shake suggest meeting hot.', 'Beat become energy thus organization data my.', 'Remain feel back both may some cell.']",
        "created": "2019-08-01T13:36:56.680Z",
        "user": 6
    }
},
{
    "model": "tweet.tweet",
    "pk": 6,
    "fields": {
        "content": "['Likely not approach.', 'Word without reduce suffer true huge fund.', 'Must mother bag likely quite special.']",
        "created": "2019-08-01T13:36:56.772Z",
        "user": 2
    }
},
{
    "model": "tweet.tweet",
    "pk": 7,
    "fields": {
        "content": "['Hospital top five PM bill trip.', 'Nearly attorney work close thank.', 'Week action yet partner large recently.']",
        "created": "2019-08-01T13:36:56.847Z",
        "user": 9
    }
},
{
    "model": "tweet.tweet",
    "pk": 8,
    "fields": {
        "content": "['Green it summer.', 'Meeting action of.', 'Character cell pattern short.']",
        "created": "2019-08-01T13:36:56.922Z",
        "user": 10
    }
},
{
    "model": "tweet.tweet",
    "pk": 9,
    "fields": {
        "content": "['Film rate process single item former.', 'Sign represent tend seven news control.', 'Computer treat safe environmental myself.']",
        "created": "2019-08-01T13:36:56.997Z",
        "user": 2
    }
},
{
    "model": "tweet.tweet",
    "pk": 10,
    "fields": {
        "content": "['Care they kind ready.', 'Somebody draw movie avoid throughout record.', 'By make research cell series choice world.']",
        "created": "2019-08-01T13:36:57.072Z",
        "user": 6
    }
},
{
    "model": "tweet.tweet",
    "pk": 11,
    "fields": {
        "content": "['Together instead write kitchen nature black.', 'Low change can woman significant.', 'No computer full simply result three region.']",
        "created": "2019-08-01T13:36:57.147Z",
        "user": 8
    }
},
{
    "model": "tweet.tweet",
    "pk": 23,
    "fields": {
        "content": "m v",
        "created": "2019-08-06T12:26:08.583Z",
        "user": 9
    }
},
{
    "model": "tweet.tweet",
    "pk": 24,
    "fields": {
        "content": "45564564",
        "created": "2019-08-06T12:42:19.787Z",
        "user": 6
    }
},
{
    "model": "tweet.tweet",
    "pk": 25,
    "fields": {
        "content": "NEw in th city",
        "created": "2019-08-12T17:34:37.252Z",
        "user": 16
    }
}
]
